{"cameraMode":{"drawMode":0,"name":"Shaded","section":"Shading Mode"},"sceneLighting":true,"audioPlay":false,"sceneViewState":{"m_AlwaysRefresh":false,"showFog":true,"showSkybox":true,"showFlares":true,"showImageEffects":true,"showParticleSystems":true,"showVisualEffectGraphs":true,"m_FxEnabled":true},"in2DMode":false,"pivot":{"x":-3.1090481281280519,"y":2.7338173389434816,"z":5.458409309387207},"rotation":{"x":-0.05062492936849594,"y":-0.5063042044639587,"z":0.02986886538565159,"w":-0.8603837490081787},"size":0.029894700273871423,"orthographic":false}