{"cameraMode":{"drawMode":0,"name":"Shaded","section":"Shading Mode"},"sceneLighting":true,"audioPlay":false,"sceneViewState":{"m_AlwaysRefresh":false,"showFog":true,"showSkybox":true,"showFlares":true,"showImageEffects":true,"showParticleSystems":true,"showVisualEffectGraphs":true,"m_FxEnabled":true},"in2DMode":false,"pivot":{"x":-1.6783742904663087,"y":-1.144155740737915,"z":0.17016014456748963},"rotation":{"x":-0.15676377713680268,"y":0.6813997030258179,"z":-0.15295320749282838,"w":-0.6983723044395447},"size":7.029385566711426,"orthographic":false}