{"cameraMode":{"drawMode":0,"name":"Shaded","section":"Shading Mode"},"sceneLighting":true,"audioPlay":false,"sceneViewState":{"m_AlwaysRefresh":false,"showFog":true,"showSkybox":true,"showFlares":true,"showImageEffects":true,"showParticleSystems":true,"showVisualEffectGraphs":true,"m_FxEnabled":true},"in2DMode":false,"pivot":{"x":18.85430145263672,"y":5.0280609130859379,"z":19.463703155517579},"rotation":{"x":-0.20455613732337953,"y":-0.2953438460826874,"z":0.06499071419239044,"w":-0.9309934377670288},"size":10.531688690185547,"orthographic":false}